brand,semanticVar,addrCode,f0_raw8,f1_raw8,f2_raw8,f3,f4
fanuc,systemInfo,40,a011240100000000,2800000000000000,2800000000000000,0x10,
fanuc,spindleSpeed,40,e011240100000000,2800000000000000,2800000000000000,0xd,0x1c
fanuc,spindleLoad,40,2012240100000000,2800000000000000,2800000000000000,0xd,0x1c
fanuc,spindleSpeedSet,40,6012240100000000,2800000000000000,2800000000000000,,0x1c
fanuc,feedRate,40,a012240100000000,2800000000000000,2800000000000000,0xd,0x1c
fanuc,feedRateSet,40,e012240100000000,2800000000000000,2800000000000000,0xd,0x1c
fanuc,runInfo,40,6013240100000000,2800000000000000,2800000000000000,0x20,
fanuc,progNum,40,2014240100000000,2800000000000000,2800000000000000,0x11,
fanuc,runTime,68,e027240100000000,4400000000000000,4400000000000000,0x12,
fanuc,powerOnTime,40,e013240100000000,2800000000000000,2800000000000000,0xe,0x24
fanuc,cutTime,68,4028240100000000,4400000000000000,4400000000000000,0x12,
fanuc,cycleTime,68,a028240100000000,4400000000000000,4400000000000000,0x12,0x24
fanuc,alarms,40,6014240100000000,2800000000000000,2800000000000000,0x21,
fanuc,toolNum,40,2013240100000000,2800000000000000,2800000000000000,0xd,0x1c
fanuc,products,40,a013240100000000,2800000000000000,2800000000000000,0xd,0x1c
fanuc,abs,,,,,0xc,
fanuc,mach,,,,,0xc,
fanuc,rel,,,,,0xc,
fanuc,res,,,,,0xc,
mitsubishi,modeOrg,74803,5000000000000000,5000000000000000,2033240100000000,,
mitsubishi,statusOrg,74803,5000000000000000,5000000000000000,8033240100000000,,
mitsubishi,alarmOrg,74740,5400000000000000,5400000000000000,8039240100000000,,
mitsubishi,spindleSpeed,74804,5000000000000000,5000000000000000,e033240100000000,,
mitsubishi,spindleSpeedSet,74804,5000000000000000,5000000000000000,4034240100000000,,
mitsubishi,spindleLoad,74805,5000000000000000,5000000000000000,a034240100000000,,
mitsubishi,spindleTemp,74805,5000000000000000,5000000000000000,0035240100000000,,
mitsubishi,spindleCurrent,74805,5000000000000000,5000000000000000,6035240100000000,,
mitsubishi,feedRate,74806,5000000000000000,5000000000000000,c035240100000000,,
mitsubishi,feedRateSet,74806,5000000000000000,5000000000000000,2036240100000000,,
mitsubishi,runTime,74807,5000000000000000,5000000000000000,4037240100000000,,
mitsubishi,powerOnTime,74808,5000000000000000,5000000000000000,a037240100000000,,
mitsubishi,progName,74809,5000000000000000,5000000000000000,0038240100000000,,
mitsubishi,products,74806,5000000000000000,5000000000000000,8036240100000000,,
mitsubishi,toolNum,74807,5000000000000000,5000000000000000,e036240100000000,,
mitsubishi,absX,,,,,,
mitsubishi,absY,,,,,,
mitsubishi,absZ,,,,,,
mitsubishi,machX,,,,,,
mitsubishi,machY,,,,,,
mitsubishi,machZ,,,,,,
mitsubishi,relX,,,,,,
mitsubishi,relY,,,,,,
mitsubishi,relZ,,,,,,
mitsubishi,resX,,,,,,
mitsubishi,resY,,,,,,
mitsubishi,resZ,,,,,,
simens,CNC_ID,74755,2400000000000000,2400000000000000,a003240100000000,,
simens,ncType,74756,2400000000000000,2400000000000000,e003240100000000,,
simens,versionInfo,74756,2400000000000000,2400000000000000,2004240100000000,,
simens,manufactureDate,74778,2400000000000000,2400000000000000,6004240100000000,,
simens,modeOrg,74778,2e00000000000000,2e00000000000000,601a240100000000,,
simens,statusOrg,74756,2e00000000000000,2e00000000000000,a01a240100000000,,
simens,products,74756,2400000000000000,2400000000000000,a004240100000000,,
simens,setProducts,74757,2400000000000000,2400000000000000,e004240100000000,,
simens,feedRateSet,74757,2400000000000000,2400000000000000,2005240100000000,,
simens,feedRateAct,74757,2400000000000000,2400000000000000,6005240100000000,,
simens,feedRate,74757,2400000000000000,2400000000000000,a005240100000000,,
simens,spindleSpeedSet,74758,2400000000000000,2400000000000000,e005240100000000,,
simens,spindleSpeed,74758,2400000000000000,2400000000000000,2006240100000000,,
simens,spindleRate,74758,2400000000000000,2400000000000000,6006240100000000,,
simens,runTime,74758,2400000000000000,2400000000000000,a006240100000000,,
simens,remainTime,74759,2400000000000000,2400000000000000,e006240100000000,,
simens,progName,74759,2400000000000000,2400000000000000,2007240100000000,,
simens,currentPro,78183,2400000000000000,2400000000000000,e00b240100000000,,
simens,axisName,74762,2400000000000000,2400000000000000,e009240100000000,,
simens,machX,74761,2400000000000000,2009240100000000,,,
simens,machY,74761,2400000000000000,2009240100000000,,,
simens,machZ,74761,2400000000000000,2009240100000000,,,
simens,relX,74761,2400000000000000,6009240100000000,,,
simens,relY,74761,2400000000000000,6009240100000000,,,
simens,relZ,74761,2400000000000000,6009240100000000,,,
simens,resX,74761,2400000000000000,a009240100000000,,,
simens,resY,74761,2400000000000000,a009240100000000,,,
simens,resZ,74761,2400000000000000,a009240100000000,,,
simens,toolNum,74759,2400000000000000,2400000000000000,6007240100000000,,
simens,toolDNum,74759,2400000000000000,2400000000000000,a007240100000000,,
simens,toolHNum,74760,2400000000000000,2400000000000000,e007240100000000,,
simens,toolXLen,74760,2400000000000000,2400000000000000,2008240100000000,,
simens,toolZLen,74760,2400000000000000,2400000000000000,6008240100000000,,
simens,toolRadiu,74760,2400000000000000,2400000000000000,a008240100000000,,
simens,toolEdge,74761,2400000000000000,2400000000000000,e008240100000000,,
simens,driveVoltage,74762,2400000000000000,2400000000000000,200a240100000000,,
simens,driverCurrent,74762,2400000000000000,2400000000000000,600a240100000000,,
simens,driverLoad1,74762,2400000000000000,2400000000000000,a00a240100000000,,
simens,driverLoad2,74763,2400000000000000,2400000000000000,e00a240100000000,,
simens,driverLoad3,74763,2400000000000000,2400000000000000,200b240100000000,,
simens,driverTemp,74763,2400000000000000,2400000000000000,600b240100000000,,
simens,almCount,74769,2400000000000000,2400000000000000,a00b240100000000,,
simens,alarms,74763,2700000000000000,2700000000000000,2011240100000000,,
fanuc,ip,,,,,,
fanuc,port,,,,,,
fanuc,connected,,,,,,
fanuc,maker_start,,,,,,
fanuc,word_start,,,,,,
fanuc,input_start,,,,,,
fanuc,output_start,,,,,,
fanuc,cncIP,,,,,,
fanuc,password,,,,,,
fanuc,requestID,,,,,,
fanuc,input_start,6496,1850f400e0140000,,,,
fanuc,output_start,,,,,,
fanuc,maker_start,,,,,,
fanuc,word_start,,,,,,
fanuc,string_start,,,,,,
fanuc,string_len,,,,,,
simens,STAT,,,,,,
simens,MODE,,,,,,
simens,FEED,,,,,,
simens,PRGN,,,,,,
simens,PRGC,,,,,,
simens,ExePrg,,,,,,
simens,PowerONTime,,,,,,
simens,OPTime,,,,,,
simens,X,6496,1850f400e0140000,,,,
simens,Y,,,,,,
simens,Z,,,,,,
simens,A,,,,,,
simens,ncType,,,,,,
simens,deviceType,,,,,,
simens,progNum,,,,,,
simens,progName,,,,,,
simens,STS,,,,,,
simens,modeStd,,,,,,
simens,statusStd,,,,,,
simens,modeOrg,,,,,,
simens,statusOrg,,,,,,
simens,emg,,,,,,
simens,alm,,,,,,
simens,alarm_msg,,,,,,
simens,alarm_no,,,,,,
simens,alarm_no,,,,,,
simens,alarm_msg,,,,,,
simens,PTR:012ad360,12,0600000000000000,1c93a40000000000,0c00000000000000,,
simens,PTR:012ad370,18,0800000000000000,,,,
simens,STS,,,,,,
simens,modeStd,,,,,,
simens,statusStd,,,,,,
simens,modeOrg,,,,,,
simens,statusOrg,,,,,,
simens,almCount,,,,,,
simens,alarms,,,,,,
simens,almCount,,,,,,
simens,alarms,,,,,,
simens,almCount,,,,,,
simens,alarms,,,,,,
simens,type,,,,,,
simens,code,,,,,,
simens,modeOrg,,,,,,
simens,modeStd,,,,,,
simens,statusOrg,,,,,,
simens,statusStd,,,,,,
simens,STS,,,,,,
simens,:,,,,,,
simens,None,145916,6037020089390200,,,,
simens,Basic128Rsa15,,,,,,
simens,Basic256,,,,,,
simens,Basic256Sha256,,,,,,
simens,Aes128Sha256RsaOaep,,,,,,
simens,Aes256Sha256RsaPss,,,,,,
simens,http://opcfoundation.org/UA/SecurityPolicy#None,,,,,,
simens,http://opcfoundation.org/UA/SecurityPolicy#Basic128Rsa15,,,,,,
simens,http://opcfoundation.org/UA/SecurityPolicy#Basic256,,,,,,
simens,http://opcfoundation.org/UA/SecurityPolicy#Basic256Sha256,,,,,,
simens,http://opcfoundation.org/UA/SecurityPolicy#Aes128_Sha256_RsaOaep,,,,,,
simens,http://opcfoundation.org/UA/SecurityPolicy#Aes256_Sha256_RsaPss,,,,,,
simens,D100,,,,,0x17,
simens,M100,,,,,,
simens,M,,,,,,
simens,R,,,,,,
simens,W,,,,,,
simens,FIPS 140-3 self-test passed: ,,,,,,
simens,fips140: verified code+data\n,,,,,,
simens,MD5,,,,,0xecbb46846f12de17,
simens,SHA-1,,,,,,
simens,SHA-224,,,,,,
simens,SHA-256,,,,,,
simens,SHA-384,,,,,,
simens,SHA-512,,,,,,
simens,SHA-512/224,,,,,,
simens,SHA-512/256,,,,,,
simens,SHA3-224,,,,,,
simens,SHA3-256,,,,,,
simens,SHA3-384,,,,,,
simens,SHA3-512,,,,,,
simens,MD5+SHA1,,,,,,
simens,RIPEMD-160,,,,,,
